%Chi,%Gel,%Gly,%Pec,%Sta,%Oil,%W,%AA,T(°C),%RH,t(h),TS,WVP,%E
1.2,0.0,0.1,0.0,0.0,0.0,98.51,0.2,25.0,45.0,48.0,15.6,40.95,73.1
0.0,1.57,0.79,0.0,0.0,0.0,97.63,0.0,25.0,53.0,36.0,22.6,9.08,36.5
0.5,0.0,0.3,0.0,0.0,0.0,98.2,1.0,2.0,54.0,24.0,120.0,72.5,8.51
1.0,0.0,0.2,0.0,0.0,1.25,97.05,0.5,21.0,57.0,24.0,94.8,25.4,15.9
1.0,0.0,0.2,0.0,0.0,0.0,97.8,1.0,60.0,52.51,12.0,22.2,69.78,41.98
2.0,0.0,0.0,0.0,0.0,0.25,96.75,1.0,20.74,45.23,72.0,13.92,0.56,11.03
2.5,2.5,3.0,0.0,0.0,0.0,92.0,0.0,25.0,50.0,24.0,11.22,49.4,84.17
2.0,0.0,0.24,0.0,0.0,0.0,96.76,1.0,34.88,52.5,10.0,69.77,47.87,39.5
1.2,0.0,0.05,0.0,0.0,0.0,98.56,0.2,25.0,45.0,48.0,30.57,29.93,20.95
1.0,0.0,0.0,0.0,0.0,2.0,96.5,0.5,25.0,60.0,48.0,50.0,92.0,6.0
1.5,0.0,1.49,0.0,0.0,0.0,96.01,1.0,40.0,75.0,48.0,8.7,114.58,48.7
1.0,0.0,0.2,0.0,0.0,1.5,96.8,0.5,21.0,57.0,24.0,71.2,28.82,13.2
0.9,0.0,0.38,0.0,1.34,0.0,97.01,0.37,60.0,50.0,48.0,33.36,101.2,50.3
2.0,0.0,0.0,0.0,0.0,0.5,96.5,1.0,20.32,45.66,72.0,14.41,0.54,5.46
1.0,0.0,0.0,0.0,0.0,1.0,97.5,0.5,25.0,60.0,48.0,63.0,86.0,5.5
1.5,0.0,0.3,0.0,0.0,0.0,97.2,1.0,25.0,54.0,24.0,309.0,79.3,26.5
0.89,0.45,0.37,0.0,1.34,0.0,96.58,0.37,60.0,50.0,48.0,40.41,94.7,35.1
2.0,0.39,0.48,0.0,0.0,0.0,96.63,0.0,25.0,53.0,24.0,45.0,13.0,9.3
0.89,0.45,0.56,0.0,0.89,0.0,96.83,0.37,60.0,50.0,48.0,18.9,60.8,75.4
1.0,0.79,1.43,0.0,0.0,0.0,96.28,0.5,25.0,45.0,12.0,31.87,0.02,29.77
1.0,0.0,0.12,0.0,0.0,0.0,97.88,1.0,25.0,50.0,48.0,43.41,38.78,11.14
1.5,0.0,0.3,0.0,0.0,0.0,97.2,1.0,40.0,75.0,48.0,44.9,114.42,16.9
1.0,0.0,0.0,0.0,0.0,0.0,98.0,1.0,25.0,50.0,48.0,61.82,37.82,4.59
2.0,0.0,0.79,0.0,0.0,0.0,96.21,1.0,34.95,52.72,10.0,64.96,46.43,45.0
1.0,0.0,0.0,0.0,0.0,0.0,98.5,0.5,25.0,60.0,48.0,113.0,124.0,22.0
0.8,0.95,0.79,0.0,0.0,0.25,96.81,0.4,25.0,33.0,72.0,14.06,0.27,12.33
1.0,0.0,0.0,0.0,0.0,0.0,98.0,1.0,23.0,50.0,56.44,52.77,40.21,14.32
1.0,0.0,0.2,0.0,0.0,1.0,97.3,0.5,21.0,57.0,24.0,121.3,27.77,23.7
0.9,0.45,0.19,0.0,0.9,0.0,97.19,0.37,60.0,50.0,48.0,30.76,87.5,21.5
1.0,0.0,0.0,0.0,0.0,0.5,98.0,0.5,25.0,60.0,48.0,65.0,130.0,7.0
2.0,0.0,0.0,0.0,0.0,1.0,96.0,1.0,20.09,46.11,72.0,17.67,0.34,4.02
0.9,0.0,0.19,0.0,0.9,0.0,97.63,0.38,60.0,50.0,48.0,39.23,70.3,8.9
1.0,0.0,0.3,0.0,0.0,0.0,97.7,1.0,25.0,54.0,24.0,372.0,92.2,15.5
1.0,0.0,0.3,0.0,0.0,0.0,97.7,1.0,25.0,54.0,168.0,372.0,92.2,15.5
2.0,0.0,0.0,0.0,0.0,0.0,97.0,1.0,25.0,50.0,12.0,85.24,7.75,14.85
0.89,0.22,0.56,0.0,1.34,0.0,96.61,0.37,60.0,50.0,48.0,26.4,96.1,80.5
1.2,0.0,0.14,0.0,0.0,0.0,98.46,0.2,25.0,45.0,48.0,10.2,48.61,109.97
0.0,0.79,0.32,0.0,0.0,1.15,96.75,1.15,25.0,53.0,24.0,35.0,11.0,51.0
0.9,0.22,0.57,0.0,0.45,0.0,97.48,0.37,60.0,50.0,48.0,16.71,65.8,100.2
1.0,0.0,0.3,0.0,0.0,0.0,97.7,1.0,2.0,54.0,24.0,351.0,62.5,42.4
1.0,0.0,0.24,0.0,0.0,0.0,97.76,1.0,25.0,50.0,48.0,31.89,42.35,30.51
1.0,0.0,0.0,0.0,0.0,1.0,97.0,1.0,23.0,50.0,55.08,44.47,41.62,31.53
0.9,0.45,0.38,0.0,0.45,0.0,97.45,0.37,60.0,50.0,48.0,13.63,90.6,70.6
0.5,0.0,0.3,0.0,0.0,0.0,98.2,1.0,25.0,54.0,24.0,107.0,66.3,13.8
1.0,0.0,0.2,0.0,0.0,2.5,95.8,0.5,21.0,57.0,24.0,44.4,44.4,30.2
0.9,0.22,0.38,0.0,0.9,0.0,97.23,0.37,60.0,50.0,48.0,32.85,81.7,100.1
1.5,0.0,0.3,0.0,0.0,0.0,97.2,1.0,25.0,54.0,168.0,309.0,79.3,26.5
0.8,0.95,0.79,0.0,0.0,1.0,96.06,0.4,25.0,33.0,72.0,13.7,0.86,12.7
1.33,1.05,0.0,0.0,0.0,0.0,96.62,1.0,25.0,50.0,48.0,57.6,72.0,6.5
2.0,0.0,1.43,0.0,0.0,0.0,95.57,1.0,25.0,45.0,12.0,20.96,0.03,27.64
0.5,0.0,0.3,0.0,0.0,0.0,98.2,1.0,40.0,54.0,24.0,210.0,38.5,2.46
0.8,0.95,0.79,0.0,0.0,0.5,96.56,0.4,25.0,33.0,72.0,13.86,0.75,12.75
0.9,0.0,0.38,0.0,0.45,0.0,97.89,0.38,60.0,50.0,48.0,49.4,92.2,100.4
2.0,0.0,0.44,0.0,0.0,0.0,96.56,1.0,35.22,52.55,10.0,65.87,48.09,44.2
0.8,0.95,0.79,0.0,0.0,0.0,97.06,0.4,25.0,33.0,72.0,23.88,0.13,11.05
0.9,0.0,0.57,0.0,0.9,0.0,97.26,0.37,60.0,50.0,48.0,28.83,57.8,110.7
2.0,0.0,0.0,0.0,0.0,0.0,97.0,1.0,20.4,45.26,72.0,9.45,0.63,4.86
0.8,0.95,0.79,0.0,0.0,0.13,96.94,0.4,25.0,33.0,72.0,22.64,0.24,12.03
0.5,0.0,0.3,0.0,0.0,0.0,98.2,1.0,25.0,54.0,168.0,107.0,66.3,13.8
2.0,0.0,0.79,0.0,0.0,0.0,97.21,0.0,50.0,50.0,48.0,9.25,12.78,20.77
2.0,0.0,0.0,0.0,0.0,2.0,95.0,1.0,19.89,46.92,72.0,19.36,0.3,3.76
0.9,0.23,0.19,0.0,0.45,0.0,97.85,0.38,60.0,50.0,48.0,36.46,81.7,51.2
0.9,0.22,0.38,0.0,0.9,0.0,97.23,0.37,60.0,50.0,48.0,33.89,81.7,100.8
0.0,1.57,1.43,0.0,0.0,0.0,97.0,0.0,25.0,45.0,12.0,8.91,0.02,27.23
1.5,0.0,0.0,0.0,0.0,0.0,97.5,1.0,40.0,75.0,48.0,64.3,115.25,13.7
1.0,0.0,0.53,0.0,0.0,0.0,97.47,1.0,60.0,54.98,12.0,245.2,71.26,43.69
1.5,0.0,0.89,0.0,0.0,0.0,96.61,1.0,40.0,75.0,48.0,15.8,116.21,39.9
1.0,0.0,0.2,0.0,0.0,3.0,95.3,0.5,21.0,57.0,24.0,56.0,46.83,36.7
1.0,0.0,0.0,0.0,0.0,3.0,95.5,0.5,25.0,60.0,48.0,22.0,65.0,1.7
0.9,0.22,0.38,0.0,0.9,0.0,97.23,0.37,60.0,50.0,48.0,33.36,80.6,100.3
1.0,0.0,0.3,0.0,0.0,0.0,97.7,1.0,40.0,54.0,24.0,231.0,40.8,1.5
0.0,0.79,0.32,0.0,0.0,0.0,97.9,0.0,25.0,53.0,24.0,31.0,8.0,6.4
