%Chi,%Gel,%Gly,%Pec,%Sta,%Oil,%W,%AA,T(°C),%RH,t(h),TS,WVP,%E
0.0,0.79,0.32,0.0,0.0,0.0,97.9,0.0,25.0,53.0,24.0,31.0,8.0,6.4
2.0,0.0,0.0,0.0,0.0,2.0,95.0,1.0,19.89,46.92,72.0,19.36,0.3,3.76
1.0,0.0,0.2,0.0,0.0,2.0,96.3,0.5,21.0,57.0,24.0,42.2,44.56,24.5
2.0,0.0,0.0,0.0,0.0,1.0,96.0,1.0,20.09,46.11,72.0,17.67,0.34,4.02
0.8,0.95,0.79,0.0,0.0,0.5,96.56,0.4,25.0,33.0,72.0,13.86,0.75,12.75
1.0,0.0,0.3,0.0,0.0,0.0,97.7,1.0,25.0,54.0,168.0,372.0,92.2,15.5
1.0,0.0,0.2,0.0,0.0,1.0,97.3,0.5,21.0,57.0,24.0,121.3,27.77,23.7
0.9,0.22,0.38,0.0,0.9,0.0,97.23,0.37,60.0,50.0,48.0,32.85,81.7,100.1
1.0,0.0,0.2,0.0,0.0,0.0,97.8,1.0,60.0,52.51,12.0,22.2,69.78,41.98